<?xml version="1.0" encoding="UTF-8"?>
<project-private xmlns="http://www.netbeans.org/ns/project-private/1">
    <editor-bookmarks xmlns="http://www.netbeans.org/ns/editor-bookmarks/2" lastBookmarkId="0"/>
    <open-files xmlns="http://www.netbeans.org/ns/projectui-open-files/2">
        <group>
            <file>file:/C:/Users/owner1/Downloads/Programación/Java/Fundacion%20x/Fundacion%20x/src/fundacion/MenuPrincipal.java</file>
            <file>file:/C:/Users/owner1/Downloads/Programación/Java/Fundacion%20x/Fundacion%20x/src/fundacion/Donacion.java</file>
            <file>file:/C:/Users/owner1/Downloads/Programación/Java/Fundacion%20x/Fundacion%20x/src/fundacion/DonacionComestibles.java</file>
            <file>file:/C:/Users/owner1/Downloads/Programación/Java/Fundacion%20x/Fundacion%20x/src/fundacion/DonacionEconomica.java</file>
            <file>file:/C:/Users/owner1/Downloads/Programación/Java/Fundacion%20x/Fundacion%20x/src/fundacion/Donante.java</file>
        </group>
    </open-files>
</project-private>
